1,小森　章平,コモリ　ショウヘイ,男,090-3376-1633,shouhei0199@yvpfpmncm.kdx,889-1201,宮崎県,児湯郡都農町,川北,2-12-18,,26
2,寺岡　武,テラオカ　タケシ,男,,iteraoka@zhkbnh.ya,086-1016,北海道,標津郡中標津町,東十六条南,2-11-9,東十六条南ヴィレッジ313,77
3,河原　亜弓,カワハラ　アユミ,女,080-2703-4441,ayumi5474@rhbhjuoymn.ts,015-0361,秋田県,由利本荘市,黒沢,1-11,黒沢プラザ102,34
4,小寺　和枝,オデラ　カズエ,女,,kazue3865@ojczcvjfrw.tf,500-8412,岐阜県,岐阜市,松鴻町,4-9-11,プラチナ松鴻町217,65
5,柳瀬　静江,ヤナセ　シズエ,女,080-1714-7898,shizue041@sfpwxj.dunyi.fp,881-0102,宮崎県,西都市,平郡,3-14,平郡マンション202,42
6,安部　百合子,アベ　ユリコ,女,090-5641-0867,yuriko917@usirceiol.qyzc.igb,311-3813,茨城県,行方市,籠田,2-5-3,籠田庵207,78
7,新川　哲也,シンカワ　テツヤ,男,090-0738-2357,tetsuya_shinkawa@fsjg.usr,017-0203,秋田県,鹿角郡小坂町,上向,1-8,,44
8,須賀　大介,スガ　ダイスケ,男,090-9074-0281,daisuke15278@ncrpkvtqn.hs,689-0402,鳥取県,鳥取市,鹿野町閉野,1-14-8,,64
9,八木　紀之,ヤギ　ノリユキ,男,,nbz=bsysppxpywpnoriyuki9611@bkxt.vcfgz.egk,594-0081,大阪府,和泉市,葛の葉町,2-11,,48
10,花岡　香奈,ハナオカ　カナ,女,090-7719-3597,kanahanaoka@vzeenpb.mkn,761-8084,香川県,高松市,一宮町,4-11-7,,33
11,井口　揚子,イグチ　ヨウコ,女,,youko59528@ajphteoazc.qtc,864-0053,熊本県,荒尾市,西原町,1-16-14,,67
12,大矢　美貴子,オオヤ　ミキコ,女,,mikiko960@pnqsqipjnb.bfi,028-7628,岩手県,八幡平市,小岩井,3-20-20,ドリーム小岩井414,62
13,宮原　杏奈,ミヤハラ　アンナ,女,090-1015-7488,amna2250@oejxiem.ip.rqb,098-0336,北海道,上川郡剣淵町,旭町,2-13-16,,59
14,江藤　当麻,エトウ　トウマ,女,,touma95226@ylbbqb.txv,889-2154,宮崎県,宮崎市,学園木花台桜,3-10-20,,68
15,臼井　紫苑,ウスイ　シオン,女,090-7957-9472,shion70520@svcyighv.ne,025-0014,岩手県,花巻市,高松,3-17,,43
16,磯野　真桜,イソノ　マオ,女,080-3902-3799,mao143@lzzzpgzsjv.zzd,162-0852,東京都,新宿区,南榎町,3-7-19,南榎町グランド119,28
17,田崎　潤,タザキ　ジュン,男,090-1771-4871,jun780@aqlt.mc,689-3415,鳥取県,米子市,淀江町富繁,1-15-19,,58
18,北原　研一,キタハラ　ケンイチ,男,090-7545-5712,kenichikitahara@uvcoirdvee.eo,987-2122,宮城県,栗原市,高清水中佐野,3-16-1,,51
19,酒井　麗子,サカイ　レイコ,女,080-8844-1008,reiko027@tksnhyn.qjs,373-0015,群馬県,太田市,東新町,4-1,東新町ランド410,36
20,溝口　芳男,ミゾグチ　ヨシオ,男,090-2941-8987,omizoguchi@xxpnybbu.hl,791-2115,愛媛県,伊予郡砥部町,三角,2-3-17,ハウス三角219,51
21,松浦　美貴子,マツウラ　ミキコ,女,080-5092-2033,mikiko1814@mwkdfqq.mhm.xmj,370-0874,群馬県,高崎市,中豊岡町,3-5-19,,25
22,柳瀬　等,ヤナセ　ヒトシ,男,080-5529-3304,Hitoshi_Yanase@pzol.xcz,962-0848,福島県,須賀川市,弘法坦,1-17-5,プラザ弘法坦310,61
23,北　昭司,キタ　ショウジ,男,,shouji12898@gulr.yhn,639-0201,奈良県,北葛城郡上牧町,片岡台,4-11-5,,46
24,塚原　桃子,ツカハラ　モモコ,女,080-4429-0649,Momoko_Tsukahara@gkdrfuro.bm,542-0085,大阪府,大阪市中央区,心斎橋筋,2-1-14,,52
25,加納　杏理,カノウ　アンリ,女,090-5610-9226,anrikanou@uydjcuizuj.kar,916-1115,福井県,鯖江市,落井町,2-8-7,落井町テラス406,33
26,平岡　香菜,ヒラオカ　カナ,女,080-4413-8618,kana962@afha.pijv.pw,509-7831,岐阜県,恵那市,串原,4-10-12,,45
27,楠本　民男,クスモト　タミオ,男,,rgxf=suenrtamio2254@ocupwib.rb,920-0343,石川県,金沢市,畝田中,1-1,,23
28,天野　健,アマノ　ケン,男,,ken_amano@qbxcfkjp.bm,889-3206,宮崎県,日南市,南郷町南町,3-11-16,,60
29,横山　勝子,ヨコヤマ　カツコ,女,080-6907-9942,katsuko40218@emdfkdbwv.hq,999-4331,山形県,尾花沢市,母袋,2-16-2,母袋マンション202,67
30,遠山　政一,トオヤマ　マサイチ,男,,masaichi_tooyama@zaphqz.rs,011-0947,秋田県,秋田市,飯島新町,2-9-9,飯島新町プレシャス317,39
31,平良　優美,ヒラヨシ　ユミ,女,080-0572-6639,yumi31598@uoeoe.yfz,020-0513,岩手県,岩手郡雫石町,下兎野,4-15,ロイヤル下兎野405,39
32,阿久津　芳郎,アクツ　ヨシロウ,男,080-4217-8677,yoshirou63020@wxwa.na,515-0103,三重県,松阪市,西黒部町,2-13,コンフォート西黒部町115,51
33,北条　令子,ホウジョウ　レイコ,女,080-8378-4669,reiko_houjou@rvuyshrpo.tm,600-8857,京都府,京都市下京区,梅小路東町,4-3,,53
34,末永　慎一郎,スエナガ　シンイチロウ,男,090-7812-2163,shinichirou534@mqgikn.ua,634-0077,奈良県,橿原市,南八木町,2-20-10,,63
35,河村　淳三,カワムラ　ジュンゾウ,男,,junzou241@uwyojyc.le.krb,380-0858,長野県,長野市,上西之門町,3-6,上西之門町ハイツ100,75
36,吉岡　麻友,ヨシオカ　マユ,女,090-2461-4072,mayu_yoshioka@yrhv.qd,883-0052,宮崎県,日向市,鶴町,3-13-8,,43
37,相良　夏希,サガラ　ナツキ,女,,hrmrqbmfnatsuki632@krnap.fej,752-0972,山口県,下関市,長府古江小路町,1-4-17,,40
38,吉岡　颯太,ヨシオカ　ソウタ,男,,souta48255@vffujw.jaz,484-0038,愛知県,犬山市,東片草,4-19-20,,33
39,織田　朗,オダ　アキラ,男,,aoda@nqax.yj,656-2124,兵庫県,洲本市,安乎町北谷,4-17,,42
40,笹原　完治,ササハラ　カンジ,男,090-0180-2005,kanji78891@ocsz.xt,690-0865,島根県,松江市,西生馬町,1-8-15,,36
41,山内　剛,ヤマウチ　タケシ,男,090-2284-1903,takeshi5836@mmiqdp.gm,983-0814,宮城県,仙台市宮城野区,小田原大行院丁,4-6,,51
42,早川　史郎,ハヤカワ　シロウ,男,,shirouhayakawa@cqiupivkk.xf,297-0014,千葉県,茂原市,川島飛地,2-2-10,川島飛地シティ101,61
43,島田　良明,シマダ　ヨシアキ,男,090-4091-2133,ishimada@vbzmpqnv.lg,440-0067,愛知県,豊橋市,上地町,3-19-18,,41
44,前島　幸恵,マエジマ　ユキエ,女,080-6211-6739,yukie_maejima@njssok.utg,519-1123,三重県,亀山市,関町金場,1-13,,67
45,永井　梨紗,ナガイ　リサ,女,080-1819-6168,risanagai@wjbhnoxka.xq,819-0204,福岡県,福岡市西区,草場,2-13-4,パーク草場410,35
46,早坂　友治,ハヤサカ　トモジ,男,,Tomoji_Hayasaka@cladf.al,928-0224,石川県,輪島市,町野町麦生野,1-15-13,,74
47,岩田　美樹子,イワタ　ミキコ,女,,mikiko1761@ushpzqrtx.ru,669-2501,兵庫県,篠山市,奥原山,4-5-10,,63
48,竹村　良夫,タケムラ　ヨシオ,男,090-0439-8810,yoshio_takemura@gqphd.miv,300-2524,茨城県,常総市,五郎兵衛新田町,1-16,,48
49,菊池　康司,キクチ　コウジ,男,080-2838-0734,koujikikuchi@wgvatd.nzzo.sg,981-2114,宮城県,伊具郡丸森町,泉,3-13,,33
50,国分　綾花,コクブ　アヤカ,女,080-8294-5767,Ayaka_Kokubu@igrdai.sft,319-2414,茨城県,常陸大宮市,吉丸,3-12-1,,34
51,浅田　雅信,アサダ　マサノブ,男,080-1632-6680,masanobu6872@ijcacurp.yi,039-1542,青森県,三戸郡五戸町,中道,2-2-2,,41
52,合田　南,アイダ　ミナミ,女,080-1418-4195,iaida@ojpwsznrhk.bw,861-8035,熊本県,熊本市,御領,2-6,プレシャス御領219,24
53,仲野　政治,ナカノ　マサジ,男,,masaji84191@fcxvduxgo.ti,327-0515,栃木県,佐野市,柿平町,1-15-18,プレイス柿平町201,23
54,高岡　金作,タカオカ　キンサク,男,080-7640-7335,kinsaku_takaoka@gqwnaabbw.vi,781-1535,高知県,吾川郡仁淀川町,二子野,1-5-14,,55
55,白鳥　佳那子,シラトリ　カナコ,女,,oshiratori@mssdm.aeemz.xrc,756-0048,山口県,山陽小野田市,後潟下,3-12-8,,22
56,野原　美明,ノハラ　ヨシアキ,男,080-1389-6983,yoshiaki6770@facuuivgfs.fq,709-0621,岡山県,岡山市東区,沼,4-17-13,,43
57,浅見　良明,アサミ　ヨシアキ,男,090-0377-3713,yoshiaki53882@ehwocle.as,075-0164,北海道,芦別市,頼城町,1-19-7,頼城町マンション116,60
58,西原　沙羅,ニシハラ　サラ,女,080-4456-0145,Sara_Nishihara@rajkekloap.god.axy,920-0225,石川県,金沢市,大野町新町,1-4,,52
59,池谷　有紀,イケタニ　ユキ,女,,yuki7487@gimkyl.dan,779-0312,徳島県,鳴門市,大麻町東馬詰,3-5,,74
60,中川　昌信,ナカガワ　マサノブ,男,090-4404-6647,unakagawa@wwaklfe.ckuo.nhc,939-0612,富山県,下新川郡入善町,藤原,1-4-18,藤原荘419,27
61,滝　莉菜,タキ　リナ,女,080-2011-0471,ataki@zorpz.ek,703-8213,岡山県,岡山市東区,藤井,3-15-10,,68
62,曽根　貞雄,ソネ　サダオ,男,080-9131-8874,sadao_sone@ecjzhmqof.iq,106-0031,東京都,港区,西麻布,4-15-5,,47
63,小村　利津子,コムラ　リツコ,女,,Ritsuko_Komura@vlpfdirolg.dzu,299-1151,千葉県,君津市,中野,4-9-14,,24
64,中岡　正俊,ナカオカ　マサトシ,男,,masatoshi_nakaoka@zyeg.hu,039-2405,青森県,上北郡東北町,上北南,1-11,上北南ハイツ410,66
65,清水　絢音,キヨミズ　アヤネ,女,,buqtyobayane248@rjobyya.td,939-0671,富山県,下新川郡入善町,東五十里,1-9-1,東五十里テラス408,47
66,山岡　紀男,ヤマオカ　ノリオ,男,080-3885-4644,norio66148@bwpszqwpb.yx.rl,379-0214,群馬県,安中市,松井田町国衙,3-18,,42
67,辻本　秀雄,ツジモト　ヒデオ,男,080-0691-2965,hideo608@salg.gpw.uxh,019-0529,秋田県,横手市,十文字町海道下,4-14-4,,45
68,秦　良治,ハタ　ヨシジ,男,080-0112-2370,ihata@dfsk.em,891-0142,鹿児島県,鹿児島市,和田町,3-12-18,,29
69,板倉　正博,イタクラ　マサヒロ,男,080-3732-8129,masahiroitakura@vegka.rtv,419-0125,静岡県,田方郡函南町,肥田,3-16-17,肥田メゾン317,58
70,曽根　勝美,ソネ　カツミ,女,,Katsumi_Sone@cfewy.uj,798-0060,愛媛県,宇和島市,丸之内,2-14-8,,65
71,川名　雅宣,カワナ　マサノブ,男,,masanobu_kawana@pyrbyzgwy.ij.es,531-0075,大阪府,大阪市北区,大淀南,4-1-13,,77
72,相馬　富夫,ソウマ　トミオ,男,090-4730-5972,tomio777@brxa.hou,421-2225,静岡県,静岡市葵区,腰越,4-11,,47
73,矢吹　静子,ヤブキ　シズコ,女,090-3877-2707,Shizuko_Yabuki@qmgr.ikpnn.xj,408-0313,山梨県,北杜市,白州町横手,3-15-15,,40
74,相良　智恵子,サガラ　チエコ,女,090-5232-9714,osagara@fpxozpomhc.pa,389-0204,長野県,北佐久郡御代田町,豊昇,4-17-10,,61
75,渡辺　絢乃,ワタナベ　アヤノ,女,,owatanabe@cosf.uj,866-0815,熊本県,八代市,長田町,2-13-13,長田町の杜210,63
76,畠山　凛花,ハタケヤマ　リンカ,女,090-8465-9742,ahatakeyama@xjdj.mzw,003-0005,北海道,札幌市白石区,東札幌五条,3-19-15,東札幌五条パレス103,54
77,葛西　康生,カサイ　ヤスオ,男,080-1315-2904,okasai@dwbzu.btxgm.fwm,926-0817,石川県,七尾市,西藤橋町,1-18-12,,33
78,秋元　秀之,アキモト　ヒデユキ,男,080-3862-7999,hideyuki9850@guplwyx.olqoe.et,350-0254,埼玉県,坂戸市,欠ノ上,4-12-9,,55
79,秋元　祐子,アキモト　ユウコ,女,080-6279-3832,yuuko01142@okth.ick,799-0723,愛媛県,四国中央市,土居町天満,1-13-18,土居町天満シーサイド105,29
80,河原　菜那,カワハラ　ナナ,女,,Nana_Kawahara@glonjp.oqj,840-0859,佐賀県,佐賀市,新栄西,3-8-7,,63
81,西沢　郁子,ニシザワ　イクコ,女,090-8330-6556,snw=gnktwzspikuko4421@lifa.xwbo.dbr,682-0177,鳥取県,東伯郡三朝町,大柿,1-13,,43
82,船越　義一,フナコシ　ギイチ,男,080-0876-7375,giichi888@kvcpkjm.bt,920-0370,石川県,金沢市,上安原,2-12-18,ドリーム上安原203,59
83,片岡　登美子,カタオカ　トミコ,女,090-3483-5545,tomiko48129@hofbcquj.tsb,656-0031,兵庫県,洲本市,千草,1-17,,34
84,岩本　豊樹,イワモト　トヨキ,男,090-7204-2262,toyoki18850@xpbhvjim.vz,797-0010,愛媛県,西予市,宇和町明間,1-17-15,プレイス宇和町明間119,72
85,永田　勲,ナガタ　イサオ,男,,Isao_Nagata@goic.dgw,610-0301,京都府,綴喜郡井手町,多賀,2-4,,79
86,野原　優希,ノハラ　ユウキ,女,090-5043-0015,yuuki004@ygpdwfy.bf,930-0212,富山県,中新川郡立山町,沢端,2-16-15,,31
87,外山　琴,ソトヤマ　コト,女,,koto7945@yqdjrxknx.ycu,935-0043,富山県,氷見市,川崎,2-3-20,川崎パーク318,58
88,北尾　愛梨,キタオ　アイリ,女,090-3031-1856,airikitao@hgwsovwc.wywc.xo,570-0044,大阪府,守口市,南寺方南通,2-8,南寺方南通ランド119,78
89,西島　豊和,ニシジマ　トヨカズ,男,090-1698-8401,toyokazu742@aekmgs.zw,918-8223,福井県,福井市,河水町,2-8-20,,31
90,園田　楓香,ソノダ　フウカ,女,,Fuuka_Sonoda@fpjqjs.pyk.hyq,607-8004,京都府,京都市山科区,安朱屋敷町,2-10,安朱屋敷町マンション205,65
91,大坪　広重,オオツボ　ヒロシゲ,男,090-0259-0736,Hiroshige_Ootsubo@antr.ssjb.bbr,194-0035,東京都,町田市,忠生,1-12-2,,38
92,外山　広治,ソトヤマ　ヒロジ,男,080-5442-9259,hiroji_sotoyama@okegrqzjcc.pb,981-2133,宮城県,伊具郡丸森町,四重麦四,2-20,四重麦四ハイツ403,29
93,山城　進,ヤマシロ　ススム,男,,susumu10317@tozl.stv,898-0063,鹿児島県,枕崎市,妙見町,4-10-17,,78
94,羽鳥　均,ハトリ　ヒトシ,男,090-0766-5156,Hitoshi_Hatori@gntbsbab.bg,600-8137,京都府,京都市下京区,十禅師町,1-18-16,十禅師町ヒル416,32
95,坂田　千夏,サカタ　チナツ,女,,Chinatsu_Sakata@dnwygg.pn.an,376-0002,群馬県,桐生市,境野町,1-4-9,,79
96,深谷　尚三,フカヤ　ショウゾウ,男,090-7686-6884,shouzou80360@brhy.don,811-2103,福岡県,糟屋郡宇美町,四王寺坂,3-6-16,,20
97,辻　遥花,ツジ　ハルカ,女,090-4142-2775,Haruka_Tsuji@vkwfhktaj.wqs,043-1523,北海道,奥尻郡奥尻町,松江,2-9-16,,33
98,新井　佐和,アライ　サワ,女,080-8417-2666,ntlbk=sawa6739@xktw.yc,849-4272,佐賀県,伊万里市,東山代町日尾,4-1-12,東山代町日尾ヒル207,57
99,篠原　純子,シノハラ　ジュンコ,女,080-4992-9373,junko6407@jggzcwj.cc,986-0833,宮城県,石巻市,日和が丘,3-10-1,,39
100,真鍋　真幸,マナベ　マサキ,男,,Masaki_Manabe@oyvqe.sre,329-1214,栃木県,塩谷郡高根沢町,中柏崎,1-11,中柏崎コンフォート408,71
101,河村　春夫,カワムラ　ハルオ,男,080-9667-5035,haruo1439@znnsz.mcn.hfk,328-0015,栃木県,栃木市,万町,1-5,,59
102,入江　伍朗,イリエ　ゴロウ,男,,gorou20929@mvflnyvuwe.zs,404-0051,山梨県,甲州市,塩山竹森,2-18,塩山竹森プラザ119,23
103,早坂　徹,ハヤサカ　トオル,男,080-3409-4479,tooru23745@rlaik.ef,519-4563,三重県,熊野市,飛鳥町小阪,4-13-14,,26
104,加藤　更紗,カトウ　サラサ,女,080-8143-1839,sarasakatou@ehgukr.rbc,470-0511,愛知県,豊田市,大ケ蔵連町,2-3-5,ステーション大ケ蔵連町113,20
105,新村　義彦,ニイムラ　ヨシヒコ,男,080-3888-3599,yoshihiko_niimura@uvfllmdyr.dp,355-0006,埼玉県,東松山市,市ノ川,2-7,,49
106,小原　花鈴,オハラ　カリン,女,080-9828-7967,Karin_Ohara@wvgrjagslf.jotek.cg,892-0863,鹿児島県,鹿児島市,西坂元町,4-4,西坂元町ドリーム206,45
107,矢野　康治,ヤノ　コウジ,男,080-5713-2695,kouji287@unoytt.sp,210-0837,神奈川県,川崎市川崎区,渡田,1-19-18,,34
108,棚橋　千鶴子,タナハシ　チヅコ,女,,chizuko757@coxqn.aii,369-0131,埼玉県,鴻巣市,袋,2-18,,59
109,太田　卓雄,オオタ　タクオ,男,090-2984-6317,takuo1850@blfggqkmbn.hyfof.ue,401-0016,山梨県,大月市,大月町真木,4-14,,26
110,中谷　美沙,ナカタニ　ミサ,女,,Misa_Nakatani@zkdufercek.tdd.yo,731-3411,広島県,山県郡安芸太田町,穴,2-13-7,,74
111,堀田　晴,ホッタ　ハル,女,090-3728-8303,Haru_Hotta@kpqy.bj,300-3526,茨城県,結城郡八千代町,貝谷,2-15,,20
112,市原　空,イチハラ　ソラ,女,,sora792@kdowsy.gzo,471-0869,愛知県,豊田市,十塚町,4-8,,68
113,小平　文一,コダイラ　ブンイチ,男,080-5185-7934,ikodaira@emphob.li,940-2404,新潟県,長岡市,与板町馬越,2-4-10,,59
114,和泉　友美,イズミ　ユミ,女,,yumi394@cmqjqmn.daulb.zut,402-0228,山梨県,南都留郡道志村,長又,2-3-18,,60
115,外山　玲奈,ソトヤマ　レイナ,女,090-6665-6805,reina2226@nlubobf.jz,894-3522,鹿児島県,大島郡宇検村,佐念,4-13-9,,69
116,岩田　力雄,イワタ　リキオ,男,,oiwata@mexp.axh.pj,605-0817,京都府,京都市東山区,弓矢町,4-9-1,,60
117,武内　純,タケウチ　ジュン,男,090-7934-9229,ntakeuchi@dzjmz.fj,761-0311,香川県,高松市,元山町,1-7,,38
118,堀江　孝之,ホリエ　タカユキ,男,090-2177-5743,takayuki7329@llzthrpyn.in,395-0807,長野県,飯田市,鼎切石,2-7-13,,24
119,上村　弘美,ウエムラ　ヒロミ,女,080-1670-1849,hiromi928@zfuuvyhy.jpz,341-0051,埼玉県,三郷市,天神,4-10-19,,41
120,森永　徳太郎,モリナガ　トクタロウ,男,080-9814-9206,Tokutarou_Morinaga@falrwl.saxsf.mjq,488-0002,愛知県,尾張旭市,根の鼻町,4-20-12,,22
121,黒川　理桜,クロカワ　リオ,女,,lnkbgpupg=mqtyrio710@gsbmylaxg.nv.zl,676-0826,兵庫県,高砂市,阿弥陀町北山,3-7-20,,66
122,保田　悠斗,ヤスダ　ユウト,男,,oyasuda@pahkblej.jab,738-0024,広島県,廿日市市,新宮,4-18-12,,55
123,藤木　弘之,フジキ　ヒロユキ,男,,hiroyuki_fujiki@fgmpvoku.qs,387-0017,長野県,千曲市,中,2-19,,79
124,酒井　里奈,サカイ　リナ,女,080-0817-0985,rina83373@skzfc.cku,891-3602,鹿児島県,熊毛郡中種子町,牧川,2-15-19,,58
125,平良　義則,ヒラヨシ　ヨシノリ,男,,ihirayoshi@czezcdtyl.gf,716-0206,岡山県,高梁市,川上町吉木,3-12-13,,58
126,柏原　力雄,カシワバラ　リキオ,男,,okashiwabara@hftqqapxbn.bon.lt,961-0047,福島県,白河市,八竜神,3-12-1,八竜神フォレスト217,68
127,新川　彩那,シンカワ　アヤナ,女,,ayana834@fngkiqfthu.yf,901-2317,沖縄県,中頭郡北中城村,瑞慶覧,2-2-10,,69
128,滋賀　美沙,シガ　ミサ,女,,ashiga@ouprel.xy.cm,515-2502,三重県,津市,一志町其村,3-2-6,,42
129,下田　五郎,シモダ　ゴロウ,男,080-5233-1162,gorou34609@aquldvra.jwmy.vmb,382-0056,長野県,須坂市,福島町,1-20-10,,44
130,江藤　実希子,エトウ　ミキコ,女,080-0044-9294,Mikiko_Etou@hgqvhoxvn.nwaj.ty,987-2157,宮城県,栗原市,高清水中の茎,3-10-19,ダイヤモンド高清水中の茎213,41
131,鈴木　達夫,スズキ　タツオ,男,,tatsuo80111@bepoc.ogx,769-2102,香川県,さぬき市,鴨庄,4-16-2,ハイツ鴨庄103,51
132,栗田　隆史,クリタ　タカシ,男,,Takashi_Kurita@kauqzmfbx.yt,779-4702,徳島県,三好郡東みよし町,西庄,2-20-7,,42
133,長井　彩那,ナガイ　アヤナ,女,080-7012-4554,ayananagai@kxhplk.oi,523-0803,滋賀県,近江八幡市,白王町,1-2,,48
134,渥美　順子,アツミ　ジュンコ,女,,junkoatsumi@axpybvduf.mib,690-0021,島根県,松江市,矢田町,1-15,,72
135,畑中　紀男,ハタナカ　ノリオ,男,,norio34283@gpwbnbgsiu.cnb.dxq,633-0252,奈良県,宇陀市,榛原区桜が丘,1-7-16,榛原区桜が丘アパート118,64
136,花岡　年昭,ハナオカ　トシアキ,男,080-8046-1898,toshiakihanaoka@kkzzy.jus,315-0153,茨城県,石岡市,下青柳,3-3-20,,52
137,山内　薫,ヤマウチ　カオル,女,,kaoru_yamauchi@dvfreudnrx.qq,452-0961,愛知県,清須市,春日稲荷,3-11,,71
138,田島　実,タジマ　ミノル,男,090-4330-5994,minoru936@ijobgb.fv.bwn,762-0045,香川県,坂出市,元町,3-3-12,,28
139,吉本　真桜,ヨシモト　マオ,女,,mao2896@tpybvoeo.hew,870-1131,大分県,大分市,岡川,4-4-2,岡川荘302,53
140,森田　純一,モリタ　ジュンイチ,男,090-4065-8636,junichi041@axxrrzv.xot,444-2324,愛知県,豊田市,栃本町,3-3-5,,52
141,横川　弓月,ヨコカワ　ユヅキ,女,,yuzuki380@cninfsoms.bw,849-0505,佐賀県,杵島郡江北町,下小田,3-10-4,,76
142,石田　真琴,イシダ　マコト,女,090-6704-9791,makoto70888@buqpza.go,501-0615,岐阜県,揖斐郡揖斐川町,清水,3-8,,40
143,高村　節男,タカムラ　セツオ,男,080-3967-4668,setsuo352@sdjdtt.qn.hv,486-0918,愛知県,春日井市,如意申町,3-1,ロイヤル如意申町119,36
144,片桐　渉,カタギリ　ワタル,男,,wataru114@vxvngdayw.rfw,877-0082,大分県,日田市,日ノ出町,4-19-6,,75
145,川崎　知代,カワサキ　トモヨ,女,,tomoyo8660@esjs.bwr,899-3611,鹿児島県,南さつま市,加世田津貫,1-4-14,,60
146,佐伯　紗彩,サエキ　サアヤ,女,080-6637-7578,saaya_saeki@qjaqodcoo.demv.sps,370-0867,群馬県,高崎市,乗附町,4-16,,20
147,南部　楓,ナンブ　カエデ,女,080-0325-9346,Kaede_Nambu@aszyjxs.fm.va,923-0811,石川県,小松市,白江町,3-15-2,パレス白江町219,30
148,木内　輝男,キウチ　テルオ,男,090-5394-5073,teruo99033@txfkbjeij.fco,410-0801,静岡県,沼津市,大手町,4-9,,77
149,安東　帆香,アンドウ　ホノカ,女,080-1046-2972,honoka_andou@cjkphog.yl,526-0267,滋賀県,長浜市,力丸町,2-8-1,,59
150,東　琴羽,アズマ　コトハ,女,090-2396-0370,agmpefm-x=pkotoha01224@hzvp.ms,859-1202,長崎県,雲仙市,瑞穂町西郷甲,3-15-4,,37
151,大崎　遥花,オオサキ　ハルカ,女,090-8107-4554,haruka74906@kpynzxhn.gog,639-2314,奈良県,御所市,幸町,4-20-17,,41
152,成田　梨加,ナリタ　リカ,女,,Rika_Narita@egrdtsxgq.hkp,845-0023,佐賀県,小城市,三日月町織島,4-7-6,,68
153,黒田　円美,クロダ　マルミ,女,,ikuroda@izjpzrjp.wo,847-0021,佐賀県,唐津市,松南町,2-12,テラス松南町409,78
154,正木　咲月,マサキ　サツキ,女,090-0477-6927,tvukrwptjt=satsuki3176@yudujwtsm.xfa,880-0872,宮崎県,宮崎市,永楽町,4-12,永楽町マンション207,31
155,西谷　純,ニシタニ　ジュン,女,090-2030-8184,junnishitani@iziel.cbf,521-0314,滋賀県,米原市,春照,1-20,春照ロイヤル109,69
156,大林　裕子,オオバヤシ　ヒロコ,女,090-1223-8565,hiroko23854@oluxbcskj.nmv,904-0325,沖縄県,中頭郡読谷村,瀬名波,2-20,,60
157,中原　紗羽,ナカハラ　サワ,女,080-3107-5093,sawa_nakahara@nzgnhc.ohn,872-0032,大分県,宇佐市,江須賀,3-19-12,,75
158,河本　楓香,カワモト　フウカ,女,,fuuka1798@bwtc.ay.eb,029-4317,岩手県,奥州市,衣川区桑畑,1-3,,69
159,小沼　紗弥,オヌマ　サヤ,女,090-2614-1411,saya2326@kmcfx.ke,872-0462,大分県,宇佐市,院内町羽馬礼,2-20,パレス院内町羽馬礼215,41
160,向井　省吾,ムカイ　ショウゴ,男,,shougo00038@kuqnjdby.zj,028-7674,岩手県,八幡平市,家ノ裏,3-10-4,,71
161,大橋　正之,オオハシ　マサユキ,男,,masayuki0555@lgtr.pe.xfz,350-0406,埼玉県,入間郡越生町,堂山,3-7-3,,78
162,戸田　愛里,トダ　アイリ,女,090-5368-2455,airi86098@ddwbeg.hiq,962-0025,福島県,須賀川市,八幡山,3-6,メゾン八幡山303,60
163,竹原　和雄,タケハラ　カズオ,男,080-2895-8555,kazuotakehara@gpcuhsi.fym,880-0004,宮崎県,宮崎市,元宮町,1-2-15,ステーション元宮町200,58
164,坪田　紗羅,ツボタ　サラ,女,090-3744-5688,gewllxsara4704@odsbdspnj.sb,018-3118,秋田県,能代市,二ツ井町上台,2-10-11,二ツ井町上台プラチナ213,30
165,田川　睦夫,タガワ　ムツオ,男,090-1789-1010,n-m-vvklwlkrnmutsuo0378@fpnogsfnks.ly.ma,701-0302,岡山県,都窪郡早島町,若宮,2-13-17,,23
166,森本　依子,モリモト　ヨリコ,女,,tt=nvcxqdnlyoriko2590@btyfuqnfo.cn,408-0031,山梨県,北杜市,長坂町小荒間,4-13,,69
167,寺内　忠良,テラウチ　タダヨシ,男,080-9795-0207,tadayoshiterauchi@yxgsvfqa.ehh,969-0227,福島県,西白河郡矢吹町,田町,4-14-5,,64
168,渡辺　智子,ワタナベ　トモコ,女,,tomoko732@kdvyaqc.aq,311-0117,茨城県,那珂市,豊喰,4-6,豊喰コート116,44
169,三上　剣一,ミカミ　ケンイチ,男,080-6100-2243,kenichi0732@etqwexzkme.kgy.nug,917-0017,福井県,小浜市,江古川,2-13-4,,27
170,大橋　英世,オオハシ　ヒデヨ,男,090-5378-9428,hideyo432@rzstmacex.pei,689-1123,鳥取県,鳥取市,久末,4-12-11,久末ダイヤモンド312,49
171,岡野　雪子,オカノ　ユキコ,女,,Yukiko_Okano@gnzxgvijen.fzct.oan,885-0052,宮崎県,都城市,東町,1-8,,67
172,木本　靖夫,キモト　ヤスオ,男,,zsygvcszbgkrpwcyasuo1293@deicyhov.zzh,776-0013,徳島県,吉野川市,鴨島町上下島,2-9-8,,57
173,大久保　葉奈,オオクボ　ハナ,女,080-1993-0634,hana266@xtxcvi.zd.gpt,106-0045,東京都,港区,麻布十番,4-13-18,,45
174,岸本　凛乃,キシモト　リノ,女,090-5562-1157,rino926@jnjosm.pxt,645-0013,和歌山県,日高郡みなべ町,東岩代,3-10-7,東岩代ステージ405,47
175,吉村　元,ヨシムラ　ハジメ,男,080-5770-4737,Hajime_Yoshimura@newaxdwvwp.ge,986-0101,宮城県,石巻市,相野谷,1-11-12,,36
176,浅田　和佳奈,アサダ　ワカナ,女,080-4848-7034,dlskk-xryxwakana680@asyol.zns,018-4515,秋田県,北秋田市,阿仁前田,4-5-4,,41
177,宮坂　真結,ミヤサカ　マユ,女,090-5743-0619,mayu94191@qytpo.obm,039-2142,青森県,上北郡おいらせ町,小前谷地,3-6,小前谷地ステージ206,49
178,柳田　朝子,ヤナギダ　トモコ,女,080-9056-5151,tomoko_yanagida@vlrhfd.sd,761-4421,香川県,小豆郡小豆島町,苗羽,3-16-4,苗羽ステーション319,25
179,小林　芳久,コバヤシ　ヨシヒサ,男,080-8976-5344,yoshihisa716@mlnase.xax,990-0867,山形県,山形市,天神台,4-5-10,シティ天神台210,27
180,深沢　伊吹,フカザワ　イブキ,女,090-4702-7565,ibuki_fukazawa@hfujjxzx.gkw,851-2102,長崎県,西彼杵郡時津町,浜田郷,4-14-10,,36
181,竹本　修司,タケモト　シュウジ,男,090-0688-2376,shuuji71462@bnyehtqryw.jjw,965-0814,福島県,会津若松市,東山町湯本,4-3-9,東山町湯本ステーション416,38
182,横溝　紫苑,ヨコミゾ　シオン,女,080-0232-0650,nyokomizo@fggabm.dz,521-0024,滋賀県,米原市,西坂,2-3,,62
183,古屋　龍也,フルヤ　タツヤ,男,090-2132-1957,afuruya@vkopr.kf,675-0024,兵庫県,加古川市,尾上町長田,1-18-18,尾上町長田ステージ109,32
184,武田　利夫,タケダ　トシオ,男,080-4103-4490,Toshio_Takeda@xgofbsltxf.omc,675-1364,兵庫県,小野市,鹿野町,1-19-11,,38
185,小原　帆花,オハラ　ホノカ,女,080-0457-9404,Honoka_Ohara@lgyl.nsqk.vbx,479-0009,愛知県,常滑市,平池,3-16-7,,27
186,若山　由子,ワカヤマ　ユウコ,女,,yuuko32324@asfoyj.wj,701-0134,岡山県,岡山市北区,花尻,3-7,,72
187,松井　悦子,マツイ　エツコ,女,080-0742-3528,omatsui@psbh.dc,305-0028,茨城県,つくば市,妻木,2-8-13,,58
188,北島　光信,キタジマ　ミツノブ,男,,mitsunobukitajima@kpded.vtv,779-1103,徳島県,阿南市,羽ノ浦町春日野,3-3-5,,74
189,黒沢　涼子,クロサワ　リョウコ,女,090-9398-0449,myb=dkryouko70878@uoddkqbgg.sf,392-0002,長野県,諏訪市,湯の脇,1-7,,40
190,冨田　日菜乃,トミタ　ヒナノ,女,080-1164-9177,hinano9547@nlkss.mx,904-0102,沖縄県,中頭郡北谷町,伊平,2-20-12,,48
191,西本　秀男,ニシモト　ヒデオ,男,080-2412-6299,Hideo_Nishimoto@jdab.mj.sh,438-0078,静岡県,磐田市,中町,4-3,,23
192,大下　洋文,オオシタ　ヒロフミ,男,090-0318-7736,hirofumi9470@jiqgoyp.ul,671-4125,兵庫県,宍粟市,一宮町西深,2-5-8,,47
193,石原　仁美,イシハラ　ヒトミ,女,080-4238-0720,hitomi84038@qsmtf.rbi.hta,781-1124,高知県,土佐市,宮ノ内,1-7-5,リバーサイド宮ノ内300,29
194,細野　和花,ホソノ　ノドカ,女,090-9677-3343,Nodoka_Hosono@tsjbjwpmk.mpm,860-0054,熊本県,熊本市,八島,1-15-5,,27
195,上杉　帆香,ウエスギ　ホノカ,女,080-8324-1567,honokauesugi@vanvgy.ic,790-0033,愛媛県,松山市,北藤原町,1-1-9,北藤原町テラス416,37
196,矢部　洋一,ヤベ　ヨウイチ,男,080-6340-0270,Youichi_Yabe@ltyjvmwxx.mz,321-0213,栃木県,下都賀郡壬生町,いずみ町,1-17-4,,42
197,畑　彩葉,ハタケ　イロハ,女,,iroha35181@vxgqkwinsz.dp,511-0039,三重県,桑名市,京町,1-14-4,グリーン京町116,39
198,大貫　清人,オオヌキ　キヨト,男,080-8357-7504,kiyoto_oonuki@ubvcysbmj.xnx,858-0907,長崎県,佐世保市,棚方町,1-10-20,プレシャス棚方町211,28
199,永瀬　朋美,ナガセ　トモミ,女,080-7157-8918,Tomomi_Nagase@ebooqhvw.wn,707-0022,岡山県,美作市,楢原上,1-14,,23
200,谷村　誠之,タニムラ　マサユキ,男,080-2691-7128,masayuki1082@yrxixrod.oiy,639-0274,奈良県,葛城市,今在家,2-10-8,,32
201,大内　祐介,オウウチ　ユウスケ,男,090-0083-7095,eouuchi@zbnidm.mmbym.hac,958-0226,新潟県,村上市,朝日中野,2-19,朝日中野アパート103,59
202,山本　信彦,ヤマモト　ノブヒコ,男,090-2854-2047,nobuhiko82677@gdfohp.hbqw.bf,720-2123,広島県,福山市,神辺町川北,1-11-20,神辺町川北シーサイド205,37
203,大畑　和美,オオハタ　カズミ,女,,ioohata@fjizogins.wk,861-4306,熊本県,宇城市,豊野町安見,1-4-11,豊野町安見スイート414,72
204,室井　基良,ムロイ　モトヨシ,男,090-9273-7312,motoyoshi97222@gpqgfjwj.vc,707-0015,岡山県,美作市,豊国原,3-15-15,,66
205,森本　美樹,モリモト　ミキ,女,,rwxkwkmiki9071@xqzadi.adg.nt,605-0983,京都府,京都市東山区,福稲上高松町,1-5,リバーサイド福稲上高松町419,67
206,下山　誠一,シモヤマ　セイイチ,男,,seiichi872@gdhhrhdqbi.tv.okn,800-0357,福岡県,京都郡苅田町,桜ケ丘,2-18-5,,67
207,長友　克洋,ナガトモ　カツヒロ,男,,onagatomo@trprrlrum.ags,198-0213,東京都,西多摩郡奥多摩町,海沢,2-20-20,海沢シティ400,68
208,蛭田　愛海,ヒルタ　マナミ,女,090-7013-1158,Manami_Hiruta@cgznwey.vmte.ph,893-2402,鹿児島県,肝属郡錦江町,田代川原,2-11,リバーサイド田代川原111,47
209,秋葉　佳佑,アキバ　ケイスケ,男,090-4563-2732,eakiba@cecrxwbcuo.nkm,162-0855,東京都,新宿区,二十騎町,3-20-20,,69
210,生田　絢,イクタ　アヤ,女,080-1843-2853,aya3952@dcflfcdefj.fic.dnx,988-0833,宮城県,気仙沼市,渡戸,1-2,ロイヤル渡戸211,30
211,上岡　一博,カミオカ　カズヒロ,男,080-3664-0070,kazuhiro22683@nbvjww.rkm,988-0313,宮城県,気仙沼市,本吉町卯名沢,4-5-12,,53
212,小出　正博,オデ　マサヒロ,男,,masahiro882@makqozhl.vxt,907-1311,沖縄県,八重山郡竹富町,黒島,2-19-15,黒島グリーン411,61
213,古河　昭夫,フルカワ　アキオ,男,080-7348-2281,akiofurukawa@sittf.je,859-0411,長崎県,諫早市,多良見町東園,3-17-14,リバーサイド多良見町東園407,71
214,奥山　桃歌,オクヤマ　モモカ,女,090-8475-4532,momoka09064@wpchnufzr.ampvq.kvn,406-0805,山梨県,笛吹市,御坂町栗合,1-4-11,,63
215,末吉　友洋,スエヨシ　トモヒロ,男,,xpjkgn=tomohiro72206@xyuiyd.dk,385-0016,長野県,佐久市,鳴瀬,2-9-7,,67
216,福岡　静男,フクオカ　シズオ,男,,shizuofukuoka@aebqurwof.iur,680-0742,鳥取県,八頭郡若桜町,岸野,3-17,岸野アパート419,73
217,平岡　咲菜,ヒラオカ　サナ,女,090-5156-9356,sana7751@dqzdrssj.tim,957-0102,新潟県,北蒲原郡聖籠町,位守町,2-5-13,位守町レジデンス306,39
218,和泉　沙耶,イズミ　サヤ,女,080-4623-7109,aizumi@ntgrwwsxna.dq,939-3553,富山県,富山市,水橋的場,1-10-18,水橋的場プラザ111,51
219,相沢　幹雄,アイザワ　ミキオ,男,,mikio11488@otbbogbr.rfp,680-0036,鳥取県,鳥取市,川端,2-8,,76
220,有田　安則,アリタ　ヤスノリ,男,,yasunori49401@jwowkuoyw.nn,923-0923,石川県,小松市,東町,1-9-19,,43
221,中里　利佳,ナカザト　リカ,女,,rika8599@juvlreb.nl.icj,778-0104,徳島県,三好市,西祖谷山村南山,4-6,西祖谷山村南山レジデンス419,65
222,笹本　精一,ササモト　セイイチ,男,,isasamoto@lqzwnlbhs.eb,013-0207,秋田県,横手市,雄物川町矢神,1-12,,60
223,塚田　憲司,ツカダ　ケンジ,男,080-7157-4011,kenji1835@yqbavgi.ej,489-0948,愛知県,瀬戸市,幡山町,4-8-4,,32
224,伊沢　晃一,イザワ　コウイチ,男,,kouichi175@bmyqmahs.wr,960-8057,福島県,福島市,笹木野,3-3-20,笹木野ランド305,77
225,永瀬　信太郎,ナガセ　シンタロウ,男,090-4947-2728,shintarou_nagase@nzlokbil.kcw,703-8284,岡山県,岡山市中区,網浜,3-7-13,,35
226,瀬川　純,セガワ　ジュン,女,090-5481-8581,jun37385@kdyetyj.rgc,869-4607,熊本県,八代郡氷川町,栫,2-7-18,プレイス栫117,46
227,橋本　萌恵,ハシモト　モエ,女,080-2279-7172,moe_hashimoto@gyzezdpo.gei,709-4615,岡山県,津山市,一色,3-12-4,一色庵315,22
228,田淵　香奈子,タブチ　カナコ,女,,kanako_tabuchi@jyslxv.zz,894-0621,鹿児島県,奄美市,笠利町用,2-13-20,,78
229,福地　留子,フクチ　トメコ,女,090-3544-2918,tomeko73342@bfovlt.gq,079-1571,北海道,富良野市,山部西１７線,2-14,,65
230,相原　志郎,アイハラ　シロウ,男,,shirou7231@prxfqklyz.mho,690-0843,島根県,松江市,末次本町,1-18-20,ロイヤル末次本町210,56
231,大宮　智恵,オオミヤ　チエ,女,080-1698-9436,zpqi=gqnjmchie146@mjmkxk.cdexv.uvx,321-1412,栃木県,日光市,東和町,1-18,ヴィレッジ東和町402,44
232,山中　佐吉,ヤマナカ　サキチ,男,080-6338-6952,Sakichi_Yamanaka@thsjjse.htr,308-0105,茨城県,筑西市,西保末,3-3-14,,28
233,高松　武信,タカマツ　タケノブ,男,,takenobu_takamatsu@dwgg.kn.yql,100-1212,東京都,三宅島三宅村,阿古,1-19-2,阿古ダイヤモンド304,64
234,長谷川　真生,ハセガワ　マオ,女,090-3711-0241,jazfjnqnh-ugmj-mao7868@nkaxtq.mavhv.qzg,689-1443,鳥取県,八頭郡智頭町,真鹿野,3-13-17,,30
235,鳴海　紗和,ナルミ　サワ,女,080-9480-4975,Sawa_Narumi@xdhqb.xt,854-0092,長崎県,諫早市,湯野尾町,3-9,,57
236,高坂　正元,コウサカ　マサヨシ,男,,masayoshi908@gvnmmhl.tlp,771-1240,徳島県,板野郡藍住町,乙瀬,3-18,,54
237,柳　亮太,ヤナギ　リョウタ,男,080-1934-0750,ryouta841@wrptv.sudgp.skc,760-0004,香川県,高松市,西宝町,4-10,,78
238,相馬　沙也佳,ソウマ　サヤカ,女,090-7315-3394,sayaka_souma@tytygnbpx.atl,531-0075,大阪府,大阪市北区,大淀南,4-19,,42
239,鹿島　正平,カシマ　ショウヘイ,男,080-8290-1461,shouhei4763@xsku.rng,901-1514,沖縄県,南城市,知念具志堅,4-7-11,,27
240,石渡　翠,イシワタリ　ミドリ,女,,midori156@xdhzpzu.hvhb.dby,321-3426,栃木県,芳賀郡市貝町,赤羽,4-6,,62
241,緒方　奈々美,オガタ　ナナミ,女,080-6681-5542,iogata@gfoeupb.veu,810-0013,福岡県,福岡市中央区,大宮,1-5-10,大宮マンション119,48
242,滝口　肇,タキグチ　ハジメ,男,080-6818-3502,hajime8989@vxwqpk.ju.fp,299-3245,千葉県,山武郡大網白里町,池田,3-4,,25
243,小杉　研治,コスギ　ケンジ,男,090-8107-7863,kenjikosugi@jjlhixvd.ffc,401-0336,山梨県,南都留郡富士河口湖町,精進,4-7,精進プレイス109,44
244,田上　三朗,タウエ　サブロウ,男,080-1305-0927,saburou295@hfrhoqnsf.qih,699-3222,島根県,浜田市,三隅町折居,2-3-20,,33
245,大竹　雅江,オオタケ　マサエ,女,080-4037-4004,masae_ootake@ailoacmp.ww,794-0812,愛媛県,今治市,北高下町,4-8,,35
246,那須　頼子,ナス　ヨリコ,女,080-0318-2507,yoriko371@unwyh.rc,957-0335,新潟県,新発田市,下楠川,1-2,下楠川コート416,58
247,古市　翔太,フルイチ　ショウタ,男,080-8756-7097,shouta9833@afgkfk.il,950-1446,新潟県,新潟市南区,庄瀬,3-16-12,,49
248,橋本　玲子,ハシモト　レイコ,女,,dlosptqqwkxbreiko22278@wgzgzfe.qh,871-0043,大分県,中津市,栄町,4-13,栄町シティ206,48
249,小口　優斗,オグチ　ユウト,男,080-6989-5375,yuuto3895@zpsztl.epe,720-1414,広島県,神石郡神石高原町,桑木,3-16-15,,63
250,小久保　長蔵,コクボ　チョウゾウ,男,090-2172-6699,faydfwchouzou27755@mldh.hsw,683-0332,鳥取県,西伯郡南部町,馬佐良,2-18,,71
251,黒川　麻世,クロカワ　マヨ,女,,mayo172@hxdzyeg.ykp,023-1762,岩手県,奥州市,江刺区藤里,2-15,,71
252,菅原　理穂,スガハラ　リホ,女,080-9687-0363,riho646@jypzddkhfw.ddd,370-3573,群馬県,前橋市,青梨子町,4-12-16,青梨子町ロイヤルパレス411,71
253,市原　三夫,イチハラ　ミツオ,男,080-2209-5395,mitsuo525@gdvtzqu.uww.fs,917-0375,福井県,大飯郡おおい町,名田庄納田終,3-18-5,リバーサイド名田庄納田終309,52
254,清野　仁,キヨノ　ヒトシ,男,,jhjppzclblkgnkohitoshi940@djbueloh.hzo,026-0301,岩手県,釜石市,鵜住居町,1-5-10,リバーサイド鵜住居町207,20
255,山本　穂乃花,ヤマモト　ホノカ,女,080-4932-2550,honoka9519@ibpfanmdy.hmy,929-0463,石川県,河北郡津幡町,蓮花寺,2-14,,27
256,水島　雪菜,ミズシマ　ユキナ,女,080-5592-5657,amizushima@exixmj.cq,664-0882,兵庫県,伊丹市,鈴原町,4-19-11,,22
257,平本　広吉,ヒラモト　ヒロキチ,男,090-6697-9345,hirokichi4322@dhfihegpmk.zmpft.ztj,409-3121,山梨県,南巨摩郡身延町,大山,3-11-13,テラス大山216,66
258,土井　瑠花,ドイ　ルカ,女,,Ruka_Doi@zututm.gj,520-0247,滋賀県,大津市,仰木,4-20,,79
259,石塚　音羽,イシヅカ　オトハ,女,,otohaishizuka@bzbaemeqp.dz,778-0203,徳島県,三好市,東祖谷釜ケ谷,1-20,東祖谷釜ケ谷タワー313,61
260,前野　政志,マエノ　マサシ,男,090-3875-6939,masashi22966@hthjmpaibe.eyry.op,945-0011,新潟県,柏崎市,松波,2-18,ステージ松波403,50
261,諏訪　哲男,スワ　テツオ,男,090-7404-6559,v-gaontetsuo019@aytc.nb,319-1541,茨城県,北茨城市,磯原町磯原,1-1-8,磯原町磯原コート109,56
262,小堀　嘉之,コボリ　ヨシユキ,男,080-0248-9851,yoshiyuki_kobori@uuulyitwrc.ob,370-1105,群馬県,佐波郡玉村町,福島,2-8,,27
263,滝田　璃音,タキタ　リオン,女,,rion572@ckjdwbau.zfdlr.mii,999-3786,山形県,東根市,鷺の宿,2-5-19,,64
264,立石　喜太郎,タテイシ　キタロウ,男,090-7984-3276,kitarou616@klokbl.dhv,719-1154,岡山県,総社市,井尻野,3-10,,32
265,風間　紗那,カザマ　サナ,女,090-0903-1026,Sana_Kazama@yzfznf.wl,529-0513,滋賀県,伊香郡余呉町,摺墨,1-14-10,,46
266,石渡　隆夫,イシワタリ　タカオ,男,090-3124-1933,takao_ishiwatari@gafbxri.wj.pzz,300-1333,茨城県,稲敷郡河内町,角崎町歩,4-14,,72
267,碓井　紅葉,ウスイ　クレハ,女,090-5581-1446,kureha6036@tgjxs.tv,992-0039,山形県,米沢市,門東町,4-18-8,ロイヤル門東町401,35
268,坂下　心美,サカシタ　ココミ,女,080-3407-3436,kokomi541@bvhpbcgsb.ihe,586-0084,大阪府,河内長野市,旭ケ丘,1-10-16,,55
269,赤松　澄子,アカマツ　スミコ,女,,ecuxcyyzchhoqbsumiko034@ifam.bpd,939-0323,富山県,射水市,平野,1-5-3,プレイス平野314,59
270,市川　龍五,イチカワ　リュウゴ,男,090-5379-4742,xxcuz=pdosfryuugo739@vdwetsphaf.tfo,509-1612,岐阜県,下呂市,金山町福来,3-19-5,ハイツ金山町福来413,24
271,梶　清三郎,カジ　セイザブロウ,男,080-9872-3686,seizaburou24622@mhyafo.jo.kv,889-0622,宮崎県,東臼杵郡門川町,西栄町,4-8-18,西栄町ハイツ416,46
272,矢島　妃奈,ヤジマ　ヒナ,女,080-9917-1738,hina2001@fmkrb.ej,411-0024,静岡県,三島市,若松町,3-10,,45
273,塚原　陽菜,ツカハラ　ハルナ,女,090-4361-6007,haruna_tsukahara@popclw.cuq,400-0121,山梨県,甲斐市,牛句,1-18,牛句コート416,57
274,内海　未来,ウツミ　ミライ,女,,mirai610@fahgenzui.em,526-0825,滋賀県,長浜市,布勢町,3-10,布勢町ヒル418,21
275,棚橋　直行,タナハシ　ナオユキ,男,,naoyukitanahashi@rebmhnzk.kb,885-1101,宮崎県,都城市,岩満町,2-9-4,,73
276,竹中　千代子,タケナカ　チヨコ,女,090-4929-4454,otakenaka@ttevibiec.gd,456-0073,愛知県,名古屋市熱田区,千代田町,2-13-2,,49
277,山城　心美,ヤマシロ　ココミ,女,080-7927-2730,iyamashiro@upccz.rtn,362-0803,埼玉県,北足立郡伊奈町,大針,4-19-1,,77
278,鶴岡　野乃花,ツルオカ　ノノカ,女,090-0813-0079,nonoka01170@ksmqn.rf.fvp,771-1625,徳島県,阿波市,市場町八幡,1-11,,62
279,梅原　芳樹,ウメハラ　ヨシキ,男,080-9355-2892,Yoshiki_Umehara@dqccu.pg,630-8125,奈良県,奈良市,三条川西町,4-1-3,,51
280,上杉　正人,ウエスギ　マサト,男,,f-znxz-bazlzmnpmasato3200@hwehxhufex.wf,992-0094,山形県,米沢市,六郷町轟,1-7-4,ロイヤルパレス六郷町轟413,60
281,日下　誠之,クサカ　マサユキ,男,090-1274-7656,masayuki3400@tfgwskreyp.wijgz.evs,162-0855,東京都,新宿区,二十騎町,4-18,,26
282,柳原　陽一郎,ヤナギハラ　ヨウイチロウ,男,090-7689-2886,youichirou746@elveuwmiv.uv.zt,647-0006,和歌山県,新宮市,薬師町,1-3-18,,26
283,飯野　一雄,イイノ　カズオ,男,090-2187-9745,iajxnni=rhixmakazuo458@ffeoy.ee,501-6045,岐阜県,羽島郡笠松町,司町,4-18-6,,27
284,矢部　浩子,ヤベ　ヒロコ,女,080-8107-6400,hiroko68313@dfviqtz.znc,894-0501,鹿児島県,奄美市,笠利町宇宿,2-13,ザ笠利町宇宿314,44
285,清水　初音,キヨミズ　ハツネ,女,,hatsune4731@vuiziw.fp.yma,910-0235,福井県,坂井市,丸岡町巽町,1-20,,59
286,池上　英雄,イケガミ　ヒデオ,男,090-5020-6453,hideoikegami@mqzb.mf,861-4601,熊本県,上益城郡甲佐町,岩下,3-12-16,,31
287,諸星　重男,モロボシ　シゲオ,男,,shigeo_moroboshi@wpgdw.mju,518-0833,三重県,伊賀市,緑ケ丘東町,3-11-1,,60
288,黒田　伸一,クロダ　シンイチ,男,080-0108-1330,shinichikuroda@nora.nfhmk.vr,400-0858,山梨県,甲府市,相生,1-16-16,相生ランド419,71
289,岩崎　八郎,イワサキ　ハチロウ,男,,hachirou904@fxgztxrv.zh,962-0402,福島県,須賀川市,仁井田,3-3-7,仁井田ダイヤモンド206,71
290,宮本　睦夫,ミヤモト　ムツオ,男,080-7514-4135,Mutsuo_Miyamoto@qizfwgye.jfc,029-4204,岩手県,奥州市,前沢区八幡前,2-2-18,ステーション前沢区八幡前204,33
291,山野　美幸,ヤマノ　ミユキ,女,090-6781-5176,miyuki53860@xafgbdppaq.vi,760-0047,香川県,高松市,塩屋町,3-11,,36
292,浜崎　貞,ハマザキ　サダ,女,,Sada_Hamazaki@wozvpj.sd,773-0022,徳島県,小松島市,大林町,1-15,,71
293,川島　紀夫,カワシマ　ノリオ,男,090-6508-1774,norio14289@cekvq.uuorx.oqg,496-8016,愛知県,愛西市,鷹場町,1-14-9,鷹場町テラス408,65
294,猪俣　敏雄,イノマタ　トシオ,男,090-4541-7411,Toshio_Inomata@uddx.qh,714-0052,岡山県,笠岡市,カブト中央町,3-2-10,カブト中央町キャッスル112,48
295,鬼頭　唯花,キトウ　ユイカ,女,,Yuika_Kitou@ahjg.upg,925-0122,石川県,羽咋郡志賀町,倉垣,2-14,,65
296,鈴木　和香,スズキ　ワカ,女,090-7842-7038,waka94029@lksnemj.dd,739-2114,広島県,東広島市,高屋町白市,1-18,,59
297,三橋　砂登子,ミハシ　サトコ,女,,satoko_mihashi@atym.qms,969-1401,福島県,二本松市,吉倉,2-7-5,吉倉テラス202,42
298,安田　璃音,ヤスダ　リオン,女,090-0186-5573,rion_yasuda@achbexo.dwt.hty,602-8234,京都府,京都市上京区,小寺町,2-8-4,プラザ小寺町310,42
299,篠原　重彦,シノハラ　シゲヒコ,男,090-9429-7011,oshinohara@erdbjv.ycmt.ci,781-2613,高知県,吾川郡いの町,足谷,3-5,,53
300,小宮　盛夫,コミヤ　モリオ,男,090-1656-7990,morio_komiya@tysnle.wy,401-0006,山梨県,大月市,賑岡町奥山,3-1-19,,45
301,江川　雄也,エガワ　ユウヤ,男,,yuuya3657@ycpmozicv.alm,309-1342,茨城県,桜川市,間中,4-15-20,,60
302,亀井　瑞季,カメイ　ミズキ,女,080-2724-5595,mizukikamei@ydryk.dml.cg,742-0417,山口県,岩国市,周東町下久原,2-11-15,,66
303,矢沢　彩葉,ヤザワ　イロハ,女,080-1270-3170,Iroha_Yazawa@opcopizjd.hk,910-0350,福井県,坂井市,丸岡町南今市,2-2-10,丸岡町南今市タワー410,54
304,倉田　緑,クラタ　ミドリ,女,,midorikurata@fmwycykv.wn,992-0811,山形県,西置賜郡白鷹町,萩野,4-14-16,フォレスト萩野411,65
305,河井　理子,カワイ　リコ,女,080-0919-1058,riko052@bvlcxf.ku,162-0855,東京都,新宿区,二十騎町,2-2,,54
306,泉　幸春,イズミ　ユキハル,男,,nnt=mxnuueooyukiharu30916@eikcoyk.le,210-0805,神奈川県,川崎市川崎区,伊勢町,3-9-16,ハイツ伊勢町413,76
307,保田　利平,ヤスダ　リヘイ,男,,iyasuda@hszgjtjqmx.ay,682-0713,鳥取県,東伯郡湯梨浜町,光吉,3-20,,70
308,鵜飼　柑奈,ウカイ　カンナ,女,090-6679-8861,kamna867@zuhwot.mx,010-0411,秋田県,男鹿市,福米沢,3-20,ザ福米沢102,20
309,米山　友洋,コメヤマ　トモヒロ,男,,tomohirokomeyama@riuajmnw.my,478-0006,愛知県,知多市,三反田,4-5,ダイヤモンド三反田416,73
310,真田　郁子,サナダ　イクコ,女,080-7876-2333,osanada@mfwbgwu.mc.lnw,793-0021,愛媛県,西条市,神拝乙,3-4-4,グランド神拝乙200,76
311,中沢　栞奈,ナカザワ　カンナ,女,090-5946-2836,kamna524@kbqkd.ig.jay,511-0814,三重県,桑名市,松並町,4-4,松並町コンフォート108,23
312,渡辺　百華,ワタナベ　モモカ,女,090-4813-0541,Momoka_Watanabe@wufn.cr,771-1704,徳島県,阿波市,阿波町元町,1-5-13,ドリーム阿波町元町311,27
313,宮沢　綾華,ミヤザワ　アヤカ,女,090-1097-7691,ayaka3450@rnhratwco.uox,529-0513,滋賀県,伊香郡余呉町,摺墨,2-2-14,,30
314,榊原　亜弥,サカキバラ　アヤ,女,090-6316-0758,ayasakakibara@kwwvqyr.mji.qwq,921-8122,石川県,金沢市,清瀬町,2-2,,51
315,黒木　誠二,クロキ　セイジ,男,,Seiji_Kuroki@ocntjra.xg,287-0235,千葉県,成田市,臼作,1-13,,44
316,今泉　美名子,イマイズミ　ミナコ,女,090-0710-6165,sgegm-o=gsuminako082@xymbclhiq.of,452-0962,愛知県,清須市,春日舟付,1-1-7,,35
317,神谷　武久,カミヤ　タケヒサ,男,,takehisakamiya@broa.bh,927-2305,石川県,輪島市,門前町大切,4-12,,76
318,飯島　清太郎,イイジマ　セイタロウ,男,090-3281-3133,ohgsdgdmddojseitarou47848@ikowechxgx.fzh,441-3407,愛知県,田原市,光崎,2-4-1,リバーサイド光崎408,26
319,松浦　詩乃,マツウラ　シノ,女,,shino712@diwtdwv.djg,427-0034,静岡県,島田市,伊太,1-4-9,グリーン伊太214,71
320,曽根　彩音,ソネ　アヤネ,女,,ayane478@rskyfe.lmo,379-2102,群馬県,前橋市,下大屋町,3-17-5,ドリーム下大屋町219,71
321,梅村　武治,ウメムラ　タケジ,男,080-4551-9785,Takeji_Umemura@odzhuflr.es,498-0808,三重県,桑名郡木曽岬町,近江島,1-16-10,,49
322,上条　美恵子,カミジョウ　ミエコ,女,080-2779-6328,mieko_kamijou@nneibfty.dv,787-0301,高知県,土佐清水市,大岐,4-19-15,,25
323,市村　佳那子,イチムラ　カナコ,女,,ruyrgpls=dzexbmkanako940@vhzqdsm.pz,473-0927,愛知県,豊田市,中田町,3-10-15,中田町ダイヤモンド218,21
324,出口　美也子,デクチ　ミヤコ,女,090-2454-4883,miyako_dekuchi@vdvmcbt.en.vb,857-0015,長崎県,佐世保市,松山町,2-16-14,,70
325,増井　恵三,マスイ　ケイゾウ,男,080-1566-9049,keizoumasui@wzpfvlinf.ito,910-0121,福井県,福井市,定正町,4-2-17,,41
326,秋田　和歌子,アキタ　ワカコ,女,090-9894-8432,mkddm=hufswakako78960@bbdbrmzz.io,922-0822,石川県,加賀市,吸坂町,2-18-17,吸坂町グランド201,55
327,竹下　芳太郎,タケシタ　ヨシタロウ,男,090-8109-3904,yoshitaroutakeshita@uonmwlo.kh,682-0915,鳥取県,倉吉市,不入岡,3-18-10,,55
328,徳田　楓香,トクダ　フウカ,女,090-1072-5126,fuuka11681@ywikgpmxu.ozb,929-0325,石川県,河北郡津幡町,加賀爪,1-9,,45
329,松川　雅保,マツカワ　マサヤス,男,090-2398-3739,masayasu55859@svdnwetn.uc,986-0312,宮城県,石巻市,桃生町城内,2-18,,48
330,安斎　好美,アンザイ　ヨシミ,女,080-5093-5129,yoshimianzai@thndeuizr.xbls.al,785-0056,高知県,須崎市,野見,2-9-14,グリーン野見403,68
331,栗山　俊光,クリヤマ　トシミツ,男,,toshimitsu3995@burmof.ldf,501-1153,岐阜県,岐阜市,又丸町畑,3-6-9,,74
332,松岡　重光,マツオカ　シゲミツ,男,080-5835-1365,shigemitsu293@jcimrivq.yh,296-0236,千葉県,鴨川市,佐野,4-6-11,,66
333,平野　香凛,ヒラノ　カリン,女,080-2901-4059,tucdotbxpleyiykarin821@nyisxplq.nm,638-0203,奈良県,吉野郡黒滝村,鳥住,3-4,鳥住ステージ413,37
334,大槻　武夫,オオツキ　タケオ,男,080-5778-5322,takeo886@koym.hd,623-0041,京都府,綾部市,延町,4-18-17,,44
335,富岡　芳雄,トミオカ　ヨシオ,男,,yoshio687@gwbyljrmyl.od,770-8006,徳島県,徳島市,新浜町,1-9-10,,69
336,植木　夏希,ウエキ　ナツキ,女,,natsuki85413@vzeict.mpdvc.uqs,653-0853,兵庫県,神戸市長田区,庄山町,3-10,,65
337,高原　勝子,タカハラ　カツコ,女,090-1974-8019,katsuko9108@pkotqstrsx.spt.zp,940-0102,新潟県,長岡市,人面,1-17,,61
338,青山　晴花,アオヤマ　ハルカ,女,090-0417-7208,haruka31226@mkpqaqh.jm,639-2262,奈良県,御所市,東持田,4-20-18,東持田ヒル105,38
339,山野　麻緒,ヤマノ　マオ,女,080-6611-8849,mao9077@xhcpy.cnv,889-1703,宮崎県,宮崎市,田野町あけぼの,4-8,,39
340,島崎　研治,シマザキ　ケンジ,男,090-1357-6569,Kenji_Shimazaki@lsphzhxsnf.hg.rr,370-0042,群馬県,高崎市,貝沢町,1-20-1,,73
341,保田　美和,ヤスダ　ミワ,女,080-5143-1788,miwa58545@kzcobkw.laqo.ajb,182-0002,東京都,調布市,仙川町,2-14-9,,70
342,蛭田　忠夫,ヒルタ　タダオ,男,080-1733-5372,tadao_hiruta@tnsrn.qamz.sma,437-0043,静岡県,袋井市,新池,2-14-3,,38
343,土橋　春男,ツチハシ　ハルオ,男,080-9065-7561,Haruo_Tsuchihashi@joljjntcml.mmc,099-3115,北海道,網走市,稲富,1-15,稲富ランド404,34
344,柳川　若葉,ヤナガワ　ワカバ,女,,wakabayanagawa@uiicyjqei.jbz,368-0003,埼玉県,秩父市,定峰,3-14,,40
345,荒木　真衣,アラキ　マイ,女,090-7800-9496,iaraki@pptwphpzc.fh,720-0806,広島県,福山市,南町,4-12-16,,47
346,高津　直道,タカツ　タダミチ,男,080-6944-0358,tadamichi3687@pdjw.xxu.pgz,779-0311,徳島県,鳴門市,大麻町牛屋島,2-19,,25
347,依田　光,イダ　アキラ,男,090-8321-3103,akira05133@mjvpyezeds.hre,606-8034,京都府,京都市左京区,修学院桧峠町,3-7-6,,30
348,梅木　光希,ウメキ　ミツキ,女,090-0213-3095,iumeki@xjisvjb.shy.zho,925-0446,石川県,羽咋郡志賀町,富来地頭町,4-3,,40
349,藤井　広幸,フジイ　ヒロユキ,男,080-1176-6282,Hiroyuki_Fujii@lydz.klfn.xs,023-0813,岩手県,奥州市,水沢区中町,2-9-4,,57
350,真野　琴美,マノ　コトミ,女,090-5198-5259,kotomi038@muad.gb,034-0015,青森県,十和田市,東二十二番町,2-3,,20
351,藤島　麗子,フジシマ　レイコ,女,,reikofujishima@owdjkr.qw,013-0534,秋田県,横手市,大森町峠町頭,4-13-9,,22
352,高柳　美紅,タカヤナギ　ミク,女,,miku79528@ajgyk.kk,572-0022,大阪府,寝屋川市,緑町,3-7-11,,43
353,岩城　勝巳,イワキ　カツミ,男,,katsumi_iwaki@mbixgcbol.zyj,874-0012,大分県,別府市,スパランド豊海,1-4-11,,20
354,原　奈緒美,ハラ　ナオミ,女,,Naomi_Hara@sommyaijh.upr.rld,917-0382,福井県,大飯郡おおい町,名田庄久坂,4-20,,56
355,高橋　光義,タカハシ　ミツヨシ,男,080-9025-0204,mitsuyoshi514@ljofjb.qasz.np,026-0012,岩手県,釜石市,魚河岸,2-2,,53
356,高畑　幸一,タカハタ　コウイチ,男,090-5398-1793,kouichi25038@iiumsje.lof.abw,999-3246,山形県,上山市,中山,3-10-1,,55
357,露木　栞,ツユキ　シオリ,女,080-9843-0104,shiori_tsuyuki@yapwzak.bj,013-0522,秋田県,横手市,大森町町回,1-11-9,,41
358,本間　安子,ホンマ　ヤスコ,女,090-1102-8393,yasuko586@ljore.iftcy.vk,012-0042,秋田県,湯沢市,小豆田,3-5-16,,57
359,小菅　絢音,コスゲ　アヤネ,女,080-3093-8249,ayane518@yasn.unfyi.pm,441-8073,愛知県,豊橋市,大崎町,1-19,,71
360,岩崎　唯,イワサキ　ユイ,女,090-2080-1935,qvyrsufxpyui1070@hqqkn.dtmx.zu,939-0362,富山県,射水市,太閤山,2-5-10,,42
361,野間　政治,ノマ　マサジ,男,,masaji27656@hhlvxmljrt.lx,891-8329,鹿児島県,大島郡伊仙町,小島,1-4-7,小島ランド405,60
362,宇都宮　賢,ウツノミヤ　ケン,男,090-8984-0373,wlkroljpudnpabken87468@opmqcrq.rrb,162-0834,東京都,新宿区,北町,2-10-15,北町プレイス102,42
363,深田　睦美,フカダ　ムツミ,女,,mutsumi9534@wkqjlq.ocf,096-0063,北海道,名寄市,緑丘,1-9-16,緑丘ゴールデン207,74
364,岩田　正子,イワタ　マサコ,女,,masako8776@kmbtjkbpap.ruh.klk,990-0734,山形県,西村山郡西川町,志津,1-5-16,,70
365,船越　幸恵,フナコシ　ユキエ,女,090-6319-8716,yukie0653@ffijvpd.luy.bx,383-0063,長野県,中野市,間長瀬,1-14-8,,30
366,染谷　尚美,ソメヤ　ナオミ,女,080-7799-6958,naomisomeya@zvawocani.aiu.giy,871-0164,大分県,中津市,下永添,2-6-13,プレイス下永添200,32
367,野原　完治,ノハラ　カンジ,男,080-8400-6249,inohara@bdpeftdwok.tepdm.na,710-0024,岡山県,倉敷市,亀山,2-3-18,,49
368,赤松　汎平,アカマツ　ハンペイ,男,080-5371-2670,zenifeuhampei13842@fmppmge.gup,979-1755,福島県,双葉郡浪江町,羽附,4-13-13,,23
369,橋爪　洋一,ハシヅメ　ヨウイチ,男,080-4461-9152,youichi4729@wsjmaq.ah,923-0927,石川県,小松市,西町,3-17-5,西町シーサイド314,58
370,春日　真桜,カスガ　マオ,女,090-0447-3757,mao14859@pcbup.icx,849-1314,佐賀県,鹿島市,山浦,3-4,,58
371,落合　麻理,オチアイ　マリ,女,090-7869-0510,mari28214@ltfocecfc.qdk.nnt,760-0062,香川県,高松市,塩上町,1-5-3,,47
372,森下　勝彦,モリシタ　カツヒコ,男,090-0359-7025,katsuhiko469@tljwynjg.ujp,436-0082,静岡県,掛川市,淡陽,1-5,淡陽ヒル402,48
373,渡邊　琴葉,ワタナベ　コトハ,女,080-4562-5753,kotoha937@szmspgdy.uwt,297-0132,千葉県,長生郡長南町,給田,4-11,ザ給田405,33
374,山上　香奈,ヤマガミ　カナ,女,090-9999-4826,ayamagami@ehco.vy,371-0018,群馬県,前橋市,三俣町,1-4-1,,23
375,稲垣　良昭,イナガキ　ヨシアキ,男,090-0299-1278,yoshiaki6229@wgsxxakclb.pya,415-0531,静岡県,賀茂郡南伊豆町,天神原,3-16-3,,68
376,矢沢　昭二,ヤザワ　ショウジ,男,080-0958-0341,shouji79650@ogeqojpkqq.kaq,719-1102,岡山県,総社市,東阿曽,3-11-19,ロイヤル東阿曽319,21
377,井口　奈菜,イグチ　ナナ,女,090-9514-0775,aiguchi@mrhu.nmq.hsm,781-3103,高知県,高知市,鏡大利,1-3-5,,38
378,児島　咲季,コジマ　サキ,女,080-4428-5041,saki3355@nfvf.ugk.yy,504-0909,岐阜県,各務原市,那加信長町,1-13-12,,37
379,福山　寛,フクヤマ　ヒロシ,男,080-4399-1505,hiroshi035@jvmxxdo.ex,607-8101,京都府,京都市山科区,小山神無森町,3-10-20,,60
380,緒方　真由子,オガタ　マユコ,女,080-0267-6215,mayuko044@hjzt.rjgxd.ol,106-0045,東京都,港区,麻布十番,4-19,,30
381,森山　結菜,モリヤマ　ユイナ,女,080-7334-1392,yuina701@rvyazslxd.iso,520-0017,滋賀県,大津市,山中町,4-5-15,山中町シーサイド107,78
382,羽田　和也,ハタ　カズヤ,男,,kazuyahata@thehxqm.yt,399-6303,長野県,塩尻市,奈良井,2-11-13,,72
383,北野　雅紹,キタノ　マサツグ,男,090-9185-0043,masatsugu954@bzwadz.wh,370-0883,群馬県,高崎市,剣崎町,3-1-20,,65
384,川越　真美,カワゴエ　マミ,女,090-6754-6706,mami2658@yehgmhkoa.vwk,643-0152,和歌山県,有田郡有田川町,金屋,3-13-5,,33
385,岩瀬　久雄,イワセ　ヒサオ,男,080-5951-4796,oiwase@ipnudtm.cl,779-3401,徳島県,吉野川市,山川町川東,1-2,,45
386,長浜　遥花,ナガハマ　ハルカ,女,080-2453-8684,haruka1190@kevcqwt.zy,501-4514,岐阜県,郡上市,和良町安郷野,2-4,,25
387,大沼　篤彦,オオヌマ　アツヒコ,男,090-4590-4952,atsuhikooonuma@wofmdvxah.mvk,510-0059,三重県,四日市市,尾上町,1-3-5,,67
388,菅谷　金蔵,スガヤ　キンゾウ,男,,kinzou_sugaya@ywjmbwy.idq,540-0011,大阪府,大阪市中央区,農人橋,3-8,農人橋テラス210,25
389,渡部　恒夫,ワタナベ　ツネオ,男,,s=biassxotsuneo943@iyvqtbzti.sm,709-4316,岡山県,勝田郡勝央町,勝間田,1-2,勝間田庵109,73
390,田渕　香奈子,タブチ　カナコ,女,090-9760-9212,kanako268@mhemmbusj.xrhsj.wqh,028-7644,岩手県,八幡平市,雀長根,4-6-9,,43
391,笠原　政次,カサハラ　マサツグ,男,,ukasahara@gxcanly.ts,370-0302,群馬県,太田市,新田小金町,1-4-2,新田小金町パーク100,77
392,相田　泰介,アイダ　タイスケ,男,,taisuke40823@qrqdtawam.dx.qv,990-2406,山形県,山形市,神尾,2-8-3,,77
393,大坪　一憲,オオツボ　カズノリ,男,080-9006-7135,kazunori0658@smpq.tsn,374-0032,群馬県,館林市,南美園町,2-17,,58
394,梅村　昭司,ウメムラ　ショウジ,男,080-1149-4677,shouji8319@tfhxltlaw.qhjkl.hpn,405-0012,山梨県,山梨市,東後屋敷,1-15-1,メゾン東後屋敷203,24
395,横井　美穂子,ヨコイ　ミホコ,女,,mihokoyokoi@bntsigedgl.djbh.flf,559-0014,大阪府,大阪市住之江区,北島,2-4,北島ロイヤルパレス115,73
396,辻　建司,ツジ　ケンジ,男,,kenji17247@jgjhjyjry.zl,863-1111,熊本県,天草市,新和町碇石,1-8-3,,59
397,古屋　章治郎,フルヤ　ショウジロウ,男,080-1421-7345,shoujirou8394@qfmzhvrj.wq,409-1315,山梨県,甲州市,勝沼町等々力,1-2-6,,34
398,江川　麻耶,エガワ　マヤ,女,,maya128@wpzi.qp,960-0637,福島県,伊達市,保原町将監,4-6,,42
399,小宮　省吾,コミヤ　ショウゴ,男,,shougo30770@nkyarsxz.gnvsh.ija,614-8182,京都府,八幡市,上津屋南村,3-2-13,上津屋南村メゾン214,70
400,小幡　圭子,オバタ　ケイコ,女,080-0266-9198,iom=dbzvkeiko4707@vdavtoxpo.pws.tx,340-0012,埼玉県,草加市,神明,2-19,,25
401,大高　美佳,オオダカ　ミカ,女,,mikaoodaka@ffapmyvby.ag.dr,755-0049,山口県,宇部市,西小串,2-16-13,,74
402,湯浅　正徳,ユアサ　マサノリ,男,080-4243-0465,masanori55509@vpwa.mo,639-2207,奈良県,御所市,今城,2-1,,20
403,加納　美玲,カノウ　ミレイ,女,,Mirei_Kanou@aurvcl.iukwo.iwj,404-0002,山梨県,山梨市,牧丘町杣口,2-19,牧丘町杣口コート117,66
404,中島　亜矢子,ナカシマ　アヤコ,女,080-3263-1686,onakashima@cxbmbeku.kyj.tzi,786-0307,高知県,高岡郡四万十町,江師,4-17,パレス江師403,39
405,紺野　晴美,コンノ　ハルミ,女,090-4452-4549,harumi65436@tbcafwgj.ae,020-0802,岩手県,盛岡市,つつじが丘,2-2,,30
406,桜井　武夫,サクライ　タケオ,男,090-1615-9240,osakurai@uhsti.hzs,436-0055,静岡県,掛川市,紺屋町,1-14-9,紺屋町レジデンス302,20
407,星　知世,ホシ　トモヨ,女,090-2188-8381,ohoshi@qszlyxier.zm,692-0215,島根県,安来市,伯太町高江寸次,1-15-12,伯太町高江寸次テラス116,41
408,池本　恵子,イケモト　ケイコ,女,090-3813-7457,keikoikemoto@cadst.kzi,857-0103,長崎県,佐世保市,原分町,1-18-15,原分町タウン307,52
409,依田　伊吹,イダ　イブキ,女,,iida@tzee.iymn.ih,889-3203,宮崎県,日南市,南郷町谷之口,1-18-16,ロイヤルパレス南郷町谷之口315,55
410,市原　奈月,イチハラ　ナツキ,女,080-2669-1005,natsuki9624@zzpwtswi.lvq,002-8011,北海道,札幌市北区,太平十一条,1-11-9,,48
411,川合　莉奈,カワイ　リナ,女,090-9905-9566,rina10851@cyuce.ujv,370-3107,群馬県,高崎市,箕郷町矢原,2-6-20,コート箕郷町矢原215,50
412,宮本　結香,ミヤモト　ユイカ,女,090-4655-0262,yuika_miyamoto@qjtsh.ds,991-0006,山形県,寒河江市,夕かへ,1-5-6,,48
413,小玉　奈々美,コダマ　ナナミ,女,090-8441-5319,nanami219@lvmw.pyj,039-2224,青森県,上北郡おいらせ町,下明堂,4-10-19,,59
414,小山田　祐希,オヤマダ　ユウキ,女,090-4282-1470,yuuki66773@sbgn.dh,321-4538,栃木県,真岡市,鷲巣,3-3,ハイツ鷲巣114,47
415,宮野　楓華,ミヤノ　フウカ,女,,uk=pzffuuka78944@dwme.nt,631-0016,奈良県,奈良市,学園朝日町,4-19-18,,75
416,植木　美子,ウエキ　ヨシコ,女,090-2512-4219,yoshiko083@bkmfb.nti,849-0932,佐賀県,佐賀市,鍋島町八戸溝,2-3-15,鍋島町八戸溝の杜211,47
417,前原　光雄,マエハラ　ミツオ,男,080-9343-2414,mitsuo0692@ndyyhvftz.ye,697-1322,島根県,浜田市,日脚町,1-1-10,プレシャス日脚町114,41
418,大津　幸作,オオツ　コウサク,男,080-5205-4192,kousaku1739@nbjqlulhqy.gif,763-0228,香川県,丸亀市,本島町大浦,2-6-15,本島町大浦ランド306,39
419,宇都宮　利子,ウツノミヤ　トシコ,女,090-6691-7713,toshiko_utsunomiya@bsstfor.ob,409-1306,山梨県,甲州市,勝沼町山,3-11-20,タワー勝沼町山204,44
420,水谷　碧依,ミズタニ　アオイ,女,080-3758-1494,Aoi_Mizutani@vmzfc.mo,259-0141,神奈川県,足柄上郡中井町,遠藤,2-11-12,,35
421,岩間　結月,イワマ　ユヅキ,女,090-5037-6391,yuzuki7908@xadr.ecw,745-0035,山口県,周南市,有楽町,1-16-4,ダイヤモンド有楽町314,32
422,上田　真吉,ウエダ　シンキチ,男,,shinkichiueda@mqkvmmeiys.uzfnq.wth,529-0527,滋賀県,伊香郡余呉町,東野,3-20-12,,76
423,若林　隆明,ワカバヤシ　タカアキ,男,,takaaki703@kfahps.iw,822-1312,福岡県,田川郡糸田町,下糸田,4-4-20,下糸田スカイ414,42
424,山根　敏子,ヤマネ　トシコ,女,080-0291-8628,toshiko4306@hnybfa.ceg.lum,405-0012,山梨県,山梨市,東後屋敷,1-15,東後屋敷タウン113,20
425,大沼　花凛,オオヌマ　カリン,女,090-1564-3852,ihyyrowok-ayyqkarin7226@hqtg.gmx,911-0032,福井県,勝山市,芳野町,4-19,芳野町タワー408,59
426,恩田　昌男,オンダ　マサオ,男,090-0193-8421,masao1586@uviqtkw.vv,097-0005,北海道,稚内市,大黒,4-1-13,,42
427,立川　芳雄,タチカワ　ヨシオ,男,090-4727-5010,yoshiotachikawa@pfxostdp.xr,507-0008,岐阜県,多治見市,希望ケ丘,4-3-6,タウン希望ケ丘416,43
428,藤原　佳歩,フジワラ　カホ,女,,Kaho_Fujiwara@hgvde.wt,946-0225,新潟県,魚沼市,三渕沢,3-18,,75
429,大坪　奈津子,オオツボ　ナツコ,女,090-6848-6965,Natsuko_Ootsubo@byzleqju.uq,861-2221,熊本県,上益城郡益城町,赤井,4-20,コーポ赤井407,66
430,岩下　美紅,イワシタ　ミク,女,,miku130@snzfdioi.sc,906-0101,沖縄県,宮古島市,城辺保良,4-15-5,城辺保良プラザ103,71
431,石岡　由紀子,イシオカ　ユキコ,女,080-4000-1006,yukiko253@odnbwkhet.yr,425-0006,静岡県,焼津市,関方,2-20-13,関方荘315,65
432,大塚　紳悟,オオツカ　シンゴ,男,090-8527-6194,shingo26252@zhya.cpg,409-0125,山梨県,上野原市,野田尻,3-4-17,,46
433,堀井　妃菜,ホリイ　ヒナ,女,,hina85540@rtfmmf.oh,998-0805,山形県,酒田市,関,2-7,,61
434,日下部　彩加,クサカベ　アヤカ,女,090-0871-2976,ayaka_kusakabe@tiylul.tpl.kq,640-8016,和歌山県,和歌山市,北新中ノ丁,4-10,,27
435,宮川　豊吉,ミヤカワ　トヨキチ,男,,toyokichi60922@cyqug.syb,769-1508,香川県,三豊市,豊中町下高野,2-9-19,,72
436,田川　由佳,タガワ　ユカ,女,,yuka97906@trrnoznu.din,781-4213,高知県,香美市,香北町下野尻,2-1-17,,77
437,柳川　利朗,ヤナガワ　トシオ,男,090-4102-4296,Toshio_Yanagawa@cisbenyghf.xoefn.pt,987-0133,宮城県,遠田郡涌谷町,新田,4-1-19,,36
438,島田　常明,シマダ　ツネアキ,男,,tsuneaki9481@ooizu.ni,781-1804,高知県,吾川郡仁淀川町,川渡,3-4,,76
439,大場　弘之,オオバ　ヒロユキ,男,080-7949-6223,hiroyuki_ooba@qtzqfip.mfr.gq,950-1426,新潟県,新潟市南区,新生町,2-8-15,,40
440,小倉　義人,オグラ　ヨシト,男,080-2573-9490,yoshitoogura@bhmej.lvx,322-0017,栃木県,鹿沼市,下石川,2-1-16,,29
441,黒沢　晴雄,クロサワ　ハルオ,男,,haruo568@upoyxhj.alahw.gv,912-0825,福井県,大野市,塚原,3-12-12,パレス塚原212,70
442,井本　奏音,イモト　カノン,女,090-2992-7451,kanon388@xipvla.mlrs.gs,889-3142,宮崎県,日南市,塩鶴,2-13-20,ステーション塩鶴206,40
443,山村　由梨,ヤマムラ　ユリ,女,080-6495-0903,odttgleulf=yuri791@yafdbvcz.tijbm.aqp,693-0013,島根県,出雲市,荻杼町,3-17-11,,50
444,塩沢　安則,シオザワ　ヤスノリ,男,,vymfaeyasunori3472@pviza.bjpg.ah,667-1345,兵庫県,美方郡香美町,村岡区高坂,1-19,シティ村岡区高坂108,73
445,大嶋　悠奈,オオシマ　ユウナ,女,,f=maiczdhbyuuna77890@jhysa.iub.atu,794-0081,愛媛県,今治市,阿方,3-19-18,ステージ阿方104,38
446,塩谷　孝志,シオタニ　タカシ,男,090-2373-5104,takashi_shiotani@mcjmu.sjp.ftr,891-0115,鹿児島県,鹿児島市,東開町,4-16-18,東開町ランド402,77
447,上田　司,ウエダ　ツカサ,女,080-6623-8936,tsukasa_ueda@czhkhvpgu.fay.xbz,920-1113,石川県,金沢市,上山町,2-2-9,,33
448,長友　詩,ナガトモ　ウタ,女,090-6651-6620,mjnzvtxuta203@aokfjq.dm,906-0505,沖縄県,宮古島市,伊良部国仲,4-17-3,,62
449,染谷　富士夫,ソメヤ　フジオ,男,090-1767-0680,fujio22077@efalf.exz,283-0814,千葉県,東金市,田中,2-9-12,,58
450,松村　優起,マツムラ　ユウキ,男,080-8574-5083,yuuki251@yyxbozc.joc.ioc,988-0318,宮城県,気仙沼市,本吉町登米沢,3-19-6,,50
451,影山　春雄,カゲヤマ　ハルオ,男,090-7142-6329,haruokageyama@nyxplb.jt,847-0014,佐賀県,唐津市,西城内,2-16-11,コンフォート西城内411,56
452,中本　昌二,ナカモト　ショウジ,男,080-3343-0107,shouji_nakamoto@pkzxi.rf,401-0335,山梨県,南都留郡富士河口湖町,大嵐,4-1-3,メゾン大嵐305,50
453,花井　智恵子,ハナイ　チエコ,女,,chieko37820@nhhqe.svobf.ah,929-0122,石川県,能美市,大浜町,2-18-12,,70
454,芳賀　新平,ハガ　シンペイ,男,,shimpei339@tbmtc.mre.gg,889-4241,宮崎県,えびの市,西郷,3-4-15,,78
455,小松　重夫,コマツ　シゲオ,男,090-5572-0158,shigeo9314@gkajsxi.zd,407-0058,山梨県,韮崎市,清哲町水上,3-15-6,,35
456,諏訪　謙三,スワ　ケンゾウ,男,080-9351-0545,kenzou7267@cwpxf.bwa,502-0816,岐阜県,岐阜市,道三町,1-1-16,道三町マンション316,23
457,舟木　蒼依,フナキ　アオイ,女,080-9860-2381,Aoi_Funaki@sllpal.jf,329-2501,栃木県,矢板市,上伊佐野,1-11-1,,25
458,井上　紫,イノウエ　ユカリ,女,080-2605-7548,Yukari_Inoue@ctpxk.rcqk.un,506-0837,岐阜県,高山市,堀端町,1-4-6,,71
459,安西　栄作,アンザイ　エイサク,男,080-9671-7265,eisaku8510@vdqawbdq.ats,729-3722,広島県,庄原市,総領町木屋,3-12-5,,53
460,中西　彩奈,ナカニシ　アヤナ,女,080-7969-8670,anakanishi@lhslhdbn.mnw,039-2644,青森県,上北郡東北町,保戸沢家ノ前,4-1-19,パレス保戸沢家ノ前312,37
461,大河原　雅俊,オオガワラ　マサトシ,男,090-0616-5498,masatoshi_oogawara@ucod.blv,682-0812,鳥取県,倉吉市,下田中町,4-4-7,グリーン下田中町205,51
462,川野　江民,カワノ　エミ,女,090-2894-8756,emikawano@rwszgwjxev.tif,761-4122,香川県,小豆郡土庄町,上庄,3-9-14,,44
463,高倉　亜矢子,タカクラ　アヤコ,女,090-3622-7269,ayako2903@xujn.wa,697-0035,島根県,浜田市,杉戸町,1-5-8,杉戸町ガーデン211,54
464,朝倉　悦代,アサクラ　エツヨ,女,080-2553-1240,etsuyo2020@cndrplo.phgt.bqs,949-3117,新潟県,上越市,大潟区蜘ケ池,3-17-16,,21
465,川野　真悠,カワノ　マユ,女,090-9838-8391,lqnycvkbusmayu13144@wqyxnmfk.hc,859-1414,長崎県,島原市,有明町大三東丁,4-13,,58
466,藤森　英明,フジモリ　ヒデアキ,男,,hideaki296@nfpysovgr.ax,361-0031,埼玉県,行田市,緑町,2-10-11,,57
467,目黒　顕子,メグロ　アキコ,女,080-1284-9605,akiko_meguro@sbpvefuvz.nbruy.djr,979-2706,福島県,相馬郡新地町,杉目,2-2-10,杉目荘415,42
468,西岡　勝美,ニシオカ　カツミ,男,,jdhdcnmptfomkatsumi664@arpcbydxg.wz,409-3607,山梨県,西八代郡市川三郷町,印沢,4-12-12,,66
469,杉田　英俊,スギタ　ヒデトシ,男,090-3970-1343,Hidetoshi_Sugita@cgxnb.fuv,311-1514,茨城県,鉾田市,安塚,4-9,,57
470,星野　隆,ホシノ　タカシ,男,080-7187-3016,lv=adfm-xtakashi932@htsb.xvvd.gol,990-0841,山形県,山形市,飯塚口,3-4-8,飯塚口ロイヤル406,26
471,中澤　咲希,ナカザワ　サキ,女,080-1752-6351,xtghksmeyltsaki03857@qidnkitwxo.crw,324-0412,栃木県,大田原市,蛭田,3-15-12,,52
472,我妻　忠良,アガツマ　タダヨシ,男,090-0621-5500,tadayoshi4180@xkgrx.zkd.jj,288-0032,千葉県,銚子市,東小川町,4-12,,51
473,沖田　栞菜,オキタ　カンナ,女,080-8318-9490,aokita@slnbv.ye,689-2311,鳥取県,東伯郡琴浦町,中尾,1-19-20,中尾シティ202,34
474,滝沢　悦子,タキザワ　エツコ,女,080-5767-8620,etsuko655@anmuzmbcsr.fh,769-0208,香川県,綾歌郡宇多津町,浜八番丁,2-8-15,,32
475,東山　敏幸,ヒガシヤマ　トシユキ,男,080-2513-3430,toshiyukihigashiyama@oxvouoiisd.peoip.es,962-0017,福島県,須賀川市,西の内町,2-1-14,,55
476,浜野　仁継,ハマノ　マサツグ,男,090-2256-0193,masatsuguhamano@nykeamchu.ty.euc,891-0505,鹿児島県,指宿市,山川山下町,1-15-9,,30
477,仲野　佐太郎,ナカノ　サタロウ,男,090-9667-7964,satarou0250@uizjohvl.bqt,409-3607,山梨県,西八代郡市川三郷町,印沢,1-11-18,,59
478,山下　里緒,ヤマシタ　リオ,女,080-2480-2421,rio0737@ufxc.xsuxq.ywv,511-0074,三重県,桑名市,南寺町,1-10-9,パーク南寺町303,58
479,本郷　詩乃,ホンゴウ　シノ,女,090-9369-3916,shino46178@azreehhgng.ycz,987-0145,宮城県,遠田郡涌谷町,尾切,4-19-7,,30
480,松尾　喜作,マツオ　キサク,男,090-3587-2688,kisaku46806@snzzkcib.ueu,512-8055,三重県,四日市市,あさけが丘,3-17-17,あさけが丘ハウス303,79
481,新倉　美帆,ニイクラ　ミホ,女,,fiaecg=fcumiho9956@emecql.jwu,907-0021,沖縄県,石垣市,名蔵,4-5-4,名蔵ヒル207,76
482,中林　健志,ナカバヤシ　タケシ,男,090-9224-6574,takeshi8284@ztko.tm,969-0301,福島県,白河市,大信上新城,1-11-12,リバーサイド大信上新城409,28
483,林　知代,ハヤシ　トモヨ,女,080-4522-6196,tomoyo8801@etszu.ra,038-0057,青森県,青森市,西田沢,1-4-17,,58
484,河内　千鶴,カワウチ　チヅル,女,,Chizuru_Kawauchi@odnvhttqzp.mv,523-0011,滋賀県,近江八幡市,友定町,4-17-4,,42
485,水田　望,ミズタ　ノゾミ,女,080-1467-9458,nozomi483@pjlc.epsd.qbq,324-0058,栃木県,大田原市,紫塚,1-20-20,,37
486,真野　貫一,マノ　カンイチ,男,080-4958-9718,kanichimano@ttoxbwd.rc,986-2136,宮城県,石巻市,根岸,1-14-5,ロイヤル根岸101,33
487,朝倉　美幸,アサクラ　ミユキ,女,080-3066-6764,Miyuki_Asakura@nvffwxaamt.ckk,089-2622,北海道,広尾郡広尾町,公園通南,1-11,ヴィレッジ公園通南318,57
488,山岸　康夫,ヤマギシ　ヤスオ,男,090-9086-6822,oyamagishi@wgraldvaqc.xnpha.ev,121-0056,東京都,足立区,北加平町,1-1-17,,32
489,大倉　道雄,オオクラ　ミチオ,男,090-3329-6450,michio830@sjvfe.lks.brb,441-2511,愛知県,豊田市,大野瀬町,1-6-12,大野瀬町の杜300,46
490,上条　志歩,カミジョウ　シホ,女,080-1618-7664,okamijou@xjlui.bc,905-1203,沖縄県,国頭郡東村,川田,3-11-6,,29
491,足立　義哉,アダチ　ヨシヤ,男,090-5839-9680,yoshiyaadachi@uxysg.of,744-0011,山口県,下松市,西豊井,3-2-13,西豊井ハイツ418,28
492,若山　正孝,ワカヤマ　マサタカ,男,090-5955-4325,cnjunfgmasataka92776@yirjhvdqfq.kjf,756-0862,山口県,山陽小野田市,須恵西,2-6-13,須恵西プレイス406,45
493,鬼頭　康彦,キトウ　ヤスヒコ,男,090-9954-8847,q=t-ybyqkn-vuyasuhiko8888@ibgnxkg.ko.bv,891-2313,鹿児島県,鹿屋市,天神町,3-4-18,コート天神町214,20
494,末永　由実,スエナガ　ユミ,女,090-1008-4994,Yumi_Suenaga@nfhjtwtau.oa,322-0039,栃木県,鹿沼市,東末広町,2-5-19,,64
495,大嶋　美琴,オオシマ　ミコト,女,,Mikoto_Ooshima@hwbp.in,747-0023,山口県,防府市,多々良,3-15-19,,76
496,玉城　碧,タマキ　ミドリ,女,080-5871-8378,jsbnamipccvhfmrmidori4389@oewpiprq.owf,807-1302,福岡県,鞍手郡鞍手町,上木月,3-12-19,,67
497,磯崎　昌幸,イソザキ　マサユキ,男,,masayuki42598@bmrbz.wae,640-8431,和歌山県,和歌山市,向,4-4-19,,51
498,角田　正弘,カクタ　マサヒロ,男,,masahiro133@qlgeglwnnp.ujqrx.sus,987-0383,宮城県,登米市,豊里町外四番江,2-9-19,豊里町外四番江ゴールデン117,40
499,楠　秋夫,クスノキ　アキオ,男,080-7064-5632,akio562@wouj.tfd,779-4803,徳島県,三好市,井川町野津後流,4-17,,40
500,堀越　杏樹,ホリコシ　アンジュ,女,080-1952-8699,anju_horikoshi@dnxnshki.xeufw.ush,923-1206,石川県,能美市,灯台笹町,2-2-3,,71
